# ************************************************************
# Sequel Pro SQL dump
# Versión 4529
#
# http://www.sequelpro.com/
# https://github.com/sequelpro/sequelpro
#
# Host: 127.0.0.1 (MySQL 5.5.42)
# Base de datos: espadas
# Tiempo de Generación: 2016-03-11 20:35:33 +0000
# ************************************************************


/*!40101 SET @OLD_CHARACTER_SET_CLIENT=@@CHARACTER_SET_CLIENT */;
/*!40101 SET @OLD_CHARACTER_SET_RESULTS=@@CHARACTER_SET_RESULTS */;
/*!40101 SET @OLD_COLLATION_CONNECTION=@@COLLATION_CONNECTION */;
/*!40101 SET NAMES utf8 */;
/*!40014 SET @OLD_FOREIGN_KEY_CHECKS=@@FOREIGN_KEY_CHECKS, FOREIGN_KEY_CHECKS=0 */;
/*!40101 SET @OLD_SQL_MODE=@@SQL_MODE, SQL_MODE='NO_AUTO_VALUE_ON_ZERO' */;
/*!40111 SET @OLD_SQL_NOTES=@@SQL_NOTES, SQL_NOTES=0 */;


# Volcado de tabla fotos
# ------------------------------------------------------------

DROP TABLE IF EXISTS `fotos`;

CREATE TABLE `fotos` (
  `id_foto` int(11) unsigned NOT NULL AUTO_INCREMENT,
  `id_galeria` int(11) DEFAULT NULL,
  `archivo` varchar(128) DEFAULT NULL,
  `activo` tinyint(1) DEFAULT '1',
  PRIMARY KEY (`id_foto`)
) ENGINE=InnoDB DEFAULT CHARSET=utf8;

LOCK TABLES `fotos` WRITE;
/*!40000 ALTER TABLE `fotos` DISABLE KEYS */;

INSERT INTO `fotos` (`id_foto`, `id_galeria`, `archivo`, `activo`)
VALUES
	(6,5,'20160311204919709.JPG',1),
	(7,5,'20160311204919303.JPG',1),
	(8,5,'20160311204919261.JPG',1),
	(9,5,'20160311204919589.JPG',1),
	(10,5,'20160311204919868.JPG',1),
	(11,5,'20160311204919452.JPG',1),
	(12,5,'20160311204919191.JPG',1),
	(13,5,'20160311204920408.JPG',1),
	(14,6,'20160311205941861.JPG',1),
	(15,6,'20160311205941958.JPG',1),
	(16,6,'20160311205941427.JPG',1),
	(17,6,'20160311205941962.JPG',1),
	(18,6,'20160311205942154.JPG',1),
	(19,6,'20160311205942120.JPG',1),
	(20,6,'20160311205943193.JPG',1),
	(21,6,'20160311205943920.JPG',1),
	(22,6,'20160311205943703.JPG',1),
	(23,6,'20160311205943563.JPG',1),
	(24,6,'20160311205944319.JPG',1),
	(25,6,'20160311205944206.JPG',1),
	(26,6,'20160311205944949.JPG',1),
	(27,6,'20160311205944453.JPG',1),
	(28,1,'20160311210900228.JPG',1),
	(29,1,'20160311210900949.JPG',1),
	(30,1,'20160311210901657.JPG',1),
	(31,1,'20160311210901635.JPG',1),
	(32,1,'20160311210902130.JPG',1),
	(33,1,'20160311210902561.JPG',1),
	(34,1,'20160311210902430.JPG',1),
	(35,1,'20160311210902139.JPG',1),
	(36,1,'20160311210903601.JPG',1),
	(37,1,'20160311210903363.JPG',1),
	(38,1,'20160311210903136.JPG',1),
	(39,1,'20160311210903942.JPG',1),
	(40,2,'20160311210949783.JPG',1),
	(41,2,'20160311210949377.JPG',1),
	(42,2,'20160311210949256.JPG',1),
	(43,2,'20160311210949219.JPG',1),
	(44,2,'20160311210949842.JPG',1),
	(45,2,'20160311210949195.JPG',1),
	(46,2,'20160311210949345.JPG',1),
	(47,2,'20160311210949749.JPG',1),
	(48,2,'20160311210949528.JPG',1),
	(49,2,'20160311210949243.JPG',1),
	(50,2,'20160311210949549.JPG',1),
	(51,2,'20160311210950724.JPG',1),
	(52,2,'20160311210950598.JPG',1),
	(53,2,'20160311210950851.JPG',1),
	(54,2,'20160311210950671.JPG',1),
	(55,3,'20160311211153137.JPG',1),
	(56,3,'20160311211153985.JPG',1),
	(57,3,'20160311211154774.JPG',1),
	(58,3,'20160311211154323.JPG',1),
	(59,3,'20160311211154189.JPG',1),
	(60,3,'20160311211154430.JPG',1),
	(61,3,'20160311211154518.JPG',1),
	(62,3,'20160311211154613.JPG',1),
	(63,3,'20160311211155818.JPG',1),
	(64,3,'20160311211155118.JPG',1),
	(65,3,'20160311211155181.JPG',1),
	(66,3,'20160311211155380.JPG',1),
	(67,3,'20160311211155927.JPG',1),
	(68,4,'20160311211241133.JPG',1),
	(69,4,'20160311211241450.JPG',1),
	(70,4,'20160311211241541.JPG',1),
	(71,4,'20160311211241696.JPG',1),
	(72,4,'20160311211242208.JPG',1),
	(73,4,'20160311211242881.JPG',1),
	(74,4,'20160311211242767.JPG',1),
	(75,4,'20160311211242757.JPG',1),
	(76,4,'20160311211243188.JPG',1),
	(77,4,'20160311211243636.JPG',1),
	(78,4,'20160311211243173.JPG',1),
	(79,4,'20160311211243974.JPG',1),
	(80,4,'20160311211243432.JPG',1),
	(81,4,'20160311211243939.JPG',1),
	(82,4,'20160311211244912.JPG',1),
	(83,4,'20160311211244197.JPG',1),
	(84,4,'20160311211244194.JPG',1),
	(85,4,'20160311211244405.JPG',1),
	(86,4,'20160311211245171.JPG',1),
	(87,4,'20160311211245253.JPG',1),
	(88,4,'20160311211245847.JPG',1),
	(89,4,'20160311211245254.JPG',1),
	(90,4,'20160311211245910.JPG',1),
	(91,5,'20160311211527125.JPG',1),
	(92,5,'20160311211527406.JPG',1),
	(93,5,'20160311211528136.JPG',1),
	(94,5,'20160311211528872.JPG',1),
	(95,5,'20160311211528828.JPG',1),
	(96,5,'20160311211528656.JPG',1),
	(97,5,'20160311211528948.JPG',1),
	(98,5,'20160311211528578.JPG',1),
	(99,5,'20160311211529689.JPG',1),
	(100,5,'20160311211529231.JPG',1),
	(101,5,'20160311211529741.JPG',1),
	(102,5,'20160311211529733.JPG',1),
	(126,8,'20160311212306620.JPG',1),
	(127,8,'20160311212306612.JPG',1),
	(128,8,'20160311212306155.JPG',1),
	(129,8,'20160311212306485.JPG',1),
	(130,8,'20160311212307434.JPG',1),
	(131,8,'20160311212307470.JPG',1),
	(132,8,'20160311212307948.JPG',1),
	(133,8,'20160311212307904.JPG',1),
	(134,8,'20160311212308662.JPG',1),
	(135,8,'20160311212308883.JPG',1),
	(136,8,'20160311212308410.JPG',1),
	(137,8,'20160311212308612.JPG',1),
	(138,8,'20160311212309950.JPG',1),
	(139,8,'20160311212309479.JPG',1),
	(140,9,'20160311212700871.JPG',1),
	(141,9,'20160311212700608.JPG',1),
	(142,9,'20160311212701904.JPG',1),
	(143,9,'20160311212701751.JPG',1),
	(144,9,'20160311212701553.JPG',1),
	(145,9,'20160311212701416.JPG',1),
	(146,9,'20160311212701339.JPG',1),
	(147,9,'20160311212701955.JPG',1),
	(148,9,'20160311212702403.JPG',1),
	(149,9,'20160311212702362.JPG',1),
	(150,9,'20160311212835705.JPG',1),
	(151,9,'20160311212835604.JPG',1),
	(152,9,'20160311212835652.JPG',1),
	(153,9,'20160311212835140.JPG',1),
	(154,9,'20160311212836948.JPG',1),
	(155,9,'20160311212836641.JPG',1),
	(156,9,'20160311212836952.JPG',1),
	(157,9,'20160311212836285.JPG',1),
	(158,9,'20160311212836355.JPG',1),
	(159,9,'20160311212836435.JPG',1),
	(160,9,'20160311212843659.JPG',1),
	(161,9,'20160311212843488.JPG',1),
	(162,9,'20160311212844973.JPG',1),
	(163,9,'20160311212844555.JPG',1),
	(164,9,'20160311212844236.JPG',1),
	(165,9,'20160311212844872.JPG',1),
	(166,9,'20160311212845800.JPG',1),
	(167,9,'20160311212845115.JPG',1),
	(168,9,'20160311212845993.JPG',1),
	(169,9,'20160311212845294.JPG',1),
	(170,9,'20160311212847999.JPG',1),
	(171,9,'20160311212847413.JPG',1),
	(172,9,'20160311212847423.JPG',1),
	(173,9,'20160311212847656.JPG',1),
	(174,9,'20160311212847186.JPG',1),
	(175,9,'20160311212847105.JPG',1),
	(176,9,'20160311212848132.JPG',1),
	(177,9,'20160311212848562.JPG',1),
	(178,9,'20160311212848353.JPG',1),
	(179,9,'20160311212848175.JPG',1);

/*!40000 ALTER TABLE `fotos` ENABLE KEYS */;
UNLOCK TABLES;


# Volcado de tabla galerias
# ------------------------------------------------------------

DROP TABLE IF EXISTS `galerias`;

CREATE TABLE `galerias` (
  `id_galeria` int(11) unsigned NOT NULL AUTO_INCREMENT,
  `nombre` varchar(128) DEFAULT NULL,
  `direccion` varchar(128) DEFAULT NULL,
  `activo` tinyint(1) DEFAULT '1',
  PRIMARY KEY (`id_galeria`)
) ENGINE=InnoDB DEFAULT CHARSET=utf8;

LOCK TABLES `galerias` WRITE;
/*!40000 ALTER TABLE `galerias` DISABLE KEYS */;

INSERT INTO `galerias` (`id_galeria`, `nombre`, `direccion`, `activo`)
VALUES
	(1,'GALERIA1','Galeria',1),
	(2,'prueba','cadenados',1),
	(3,'cadeandos','cadenados',1),
	(4,'olakease','olaksea',1),
	(5,'bautizo','bautizo',1),
	(6,'Bautizo Jorge','bautizojorge',1),
	(7,'Nuevo Bautizo','bautizo_miguel',1),
	(8,'adolfito','adolfito',1),
	(9,'kepedo','keped',1);

/*!40000 ALTER TABLE `galerias` ENABLE KEYS */;
UNLOCK TABLES;


# Volcado de tabla tipo_usuario
# ------------------------------------------------------------

DROP TABLE IF EXISTS `tipo_usuario`;

CREATE TABLE `tipo_usuario` (
  `id_tipo_usuario` tinyint(1) unsigned NOT NULL AUTO_INCREMENT,
  `tipo` varchar(16) DEFAULT NULL,
  `usa` tinyint(1) DEFAULT NULL,
  PRIMARY KEY (`id_tipo_usuario`)
) ENGINE=InnoDB DEFAULT CHARSET=utf8;

LOCK TABLES `tipo_usuario` WRITE;
/*!40000 ALTER TABLE `tipo_usuario` DISABLE KEYS */;

INSERT INTO `tipo_usuario` (`id_tipo_usuario`, `tipo`, `usa`)
VALUES
	(1,'ADMINISTRADOR',0),
	(2,'SUPERVISOR',1),
	(3,'AUXILIAR',0);

/*!40000 ALTER TABLE `tipo_usuario` ENABLE KEYS */;
UNLOCK TABLES;


# Volcado de tabla usuarios
# ------------------------------------------------------------

DROP TABLE IF EXISTS `usuarios`;

CREATE TABLE `usuarios` (
  `id_usuario` int(11) unsigned NOT NULL AUTO_INCREMENT,
  `id_tipo_usuario` tinyint(1) DEFAULT NULL,
  `id_empresa` int(11) DEFAULT NULL,
  `nombre` varchar(255) DEFAULT NULL,
  `email` varchar(128) DEFAULT NULL,
  `pass` varchar(16) DEFAULT NULL,
  `celular` varchar(12) DEFAULT NULL,
  `ultimo_acceso` datetime DEFAULT NULL,
  `activo` tinyint(1) DEFAULT '1',
  PRIMARY KEY (`id_usuario`)
) ENGINE=InnoDB DEFAULT CHARSET=utf8;

LOCK TABLES `usuarios` WRITE;
/*!40000 ALTER TABLE `usuarios` DISABLE KEYS */;

INSERT INTO `usuarios` (`id_usuario`, `id_tipo_usuario`, `id_empresa`, `nombre`, `email`, `pass`, `celular`, `ultimo_acceso`, `activo`)
VALUES
	(1,1,1,'DIEGO CAMACHO','diegocamacho2.0@gmail.com','1','','2016-03-11 13:24:53',1);

/*!40000 ALTER TABLE `usuarios` ENABLE KEYS */;
UNLOCK TABLES;



/*!40111 SET SQL_NOTES=@OLD_SQL_NOTES */;
/*!40101 SET SQL_MODE=@OLD_SQL_MODE */;
/*!40014 SET FOREIGN_KEY_CHECKS=@OLD_FOREIGN_KEY_CHECKS */;
/*!40101 SET CHARACTER_SET_CLIENT=@OLD_CHARACTER_SET_CLIENT */;
/*!40101 SET CHARACTER_SET_RESULTS=@OLD_CHARACTER_SET_RESULTS */;
/*!40101 SET COLLATION_CONNECTION=@OLD_COLLATION_CONNECTION */;
